{
  "controller/overview-dbg.controller.js": 1752821981129,
  "controller/App.controller.js": 1752821981129,
  "controller/overview.controller.js": 1752821981129,
  "model/models.js": 1752821981129,
  "manifest.json": 1752821981129,
  "Component.js": 1752821981129,
  "Component-dbg.js": 1752821981129,
  "Component.js.map": 1752823159924,
  "i18n/i18n.properties": 1752821981129,
  "controller/overview.controller.js.map": 1752823159926,
  "model/models-dbg.js": 1752821981129,
  "model/models.js.map": 1752823159926,
  "controller/App-dbg.controller.js": 1752821981129,
  "controller/App.controller.js.map": 1752823159926,
  "Component-preload.js": 1752823159996,
  "Component-preload.js.map": 1752823159996,
  "view/overview.view.xml": 1752821981129,
  "view/App.view.xml": 1752821981129,
  "css/style.css": 1752821981129,
  "index.html": 1752821981129
}