{
  "view/overview.view.xml": 1752559301615,
  "controller/overview.controller.js": 1752559301615,
  "model/models.js": 1752559301607,
  "controller/App.controller.js": 1752559301611,
  "manifest.json": 1752559315991,
  "Component.js": 1752559301603,
  "controller/overview-dbg.controller.js": 1752559301615,
  "controller/overview.controller.js.map": 1752562497486,
  "model/models-dbg.js": 1752559301607,
  "model/models.js.map": 1752562497487,
  "controller/App-dbg.controller.js": 1752559301611,
  "controller/App.controller.js.map": 1752562497486,
  "Component-dbg.js": 1752559301603,
  "Component.js.map": 1752562497488,
  "Component-preload.js": 1752562497559,
  "Component-preload.js.map": 1752562497559,
  "i18n/i18n.properties": 1752559315991,
  "view/App.view.xml": 1752559301611,
  "css/style.css": 1752559301611,
  "index.html": 1752559301603
}