{
  "model/models.js": 1753689550422,
  "Component.js": 1753689550418,
  "controller/Overview.controller.js": 1753689550430,
  "controller/App.controller.js": 1753689550426,
  "manifest.json": 1753689564266,
  "i18n/i18n.properties": 1753689564266,
  "controller/Overview-dbg.controller.js": 1753689550430,
  "controller/Overview.controller.js.map": 1753690018202,
  "Component-dbg.js": 1753689550418,
  "Component.js.map": 1753690018217,
  "controller/App-dbg.controller.js": 1753689550426,
  "controller/App.controller.js.map": 1753690018234,
  "model/models-dbg.js": 1753689550422,
  "model/models.js.map": 1753690018230,
  "Component-preload.js": 1753690018333,
  "Component-preload.js.map": 1753690018333,
  "view/Overview.view.xml": 1753689550430,
  "view/App.view.xml": 1753689550426,
  "css/style.css": 1753689550426,
  "index.html": 1753689550422
}