{
  "model/models.js": 1753689550422,
  "controller/Overview.controller.js": 1753700469078,
  "i18n/i18n.properties": 1753689564266,
  "controller/App.controller.js": 1753689550426,
  "manifest.json": 1753699904799,
  "Component.js": 1753689550418,
  "controller/Overview-dbg.controller.js": 1753700469078,
  "controller/Overview.controller.js.map": 1753706187750,
  "model/models-dbg.js": 1753689550422,
  "model/models.js.map": 1753706187752,
  "controller/App-dbg.controller.js": 1753689550426,
  "controller/App.controller.js.map": 1753706187757,
  "Component-dbg.js": 1753689550418,
  "Component.js.map": 1753706187758,
  "Component-preload.js": 1753706187838,
  "Component-preload.js.map": 1753706187838,
  "view/Overview.view.xml": 1753700611519,
  "view/App.view.xml": 1753689550426,
  "css/style.css": 1753689550426,
  "index.html": 1753689550422
}